Respondent_ID,Course_Satisfaction,Instructor_Clarity,Resources_Quality,Overall_Experience
1,4,5,4,5
2,5,4,4,4
3,3,4,3,4
4,4,5,5,5
5,5,3,4,4
6,4,5,4,5
7,5,4,4,4
8,3,4,3,4
9,4,5,5,5
10,5,3,4,4
11,4,5,4,5
12,5,4,4,4
13,3,4,3,4
14,4,5,5,5
15,5,3,4,4
16,4,5,4,5
17,5,4,4,4
18,3,4,3,4
19,4,5,5,5
20,5,3,4,4
21,4,5,4,5
22,5,4,4,4
23,3,4,3,4
24,4,5,5,5
25,5,3,4,4
26,4,5,4,5
27,5,4,4,4
28,3,4,3,4
29,4,5,5,5
30,5,3,4,4
31,4,5,4,5
32,5,4,4,4
33,3,4,3,4
34,4,5,5,5
35,5,3,4,4
36,4,5,4,5
37,5,4,4,4
38,3,4,3,4
39,4,5,5,5
40,5,3,4,4
41,4,5,4,5
42,5,4,4,4
43,3,4,3,4
44,4,5,5,5
45,5,3,4,4
46,4,5,4,5
47,5,4,4,4
48,3,4,3,4
49,4,5,5,5
50,5,3,4,4
